<?xml version="1.0" encoding="iso-8859-1"?>

<!-- <!DOCTYPE mach-ii PUBLIC "-//Mach-II//DTD Mach-II Configuration 1.0//EN" "http://www.mach-ii.com/dtds/mach-ii_1_0.dtd"> -->

<mach-ii version="1.0">

	<!-- PROPERTIES -->
	<properties>
		<property name="applicationRoot" value="/cfcunit/app" />
		<property name="defaultEvent" value="homepage" />
		<property name="eventParameter" value="event" />
		<property name="parameterPrecedence" value="form" />
		<property name="maxEvents" value="10" />
		<property name="exceptionEvent" value="exception" />
	</properties>


	<!-- =============================================================== -->
	<!-- LISTENERS -->
	<listeners>
	
		<listener name="HTMLListener" type="cfcunit.app.machii.model.HTMLUIListener">
			<invoker type="cfcunit.machii.framework.invokers.CFCInvoker_Event" />

			<parameters>
				<parameter name="TestRunnerClassName" value="org.cfcunit.service.TestRunner" />
				<parameter name="TestListenerClassName"	value="org.cfcunit.service.TestListener" />
				<!--
				<parameter name="TestRunnerClassName" value="org.cfcunit.htmlui.TestRunner" />
				<parameter name="TestListenerClassName"	value="org.cfcunit.htmlui.TestListener" />
				-->
			</parameters>
		</listener>
		
		<!-- =============================================================== -->

		<listener name="TextListener" type="cfcunit.app.machii.model.TextUIListener">
			<invoker type="cfcunit.machii.framework.invokers.CFCInvoker_Event" />

			<parameters>
				<!-- <parameter name="SessionKey" value="cfcunit" /> -->
				<parameter name="TestRunnerClassName" value="org.cfcunit.textui.TestRunner" />
				<parameter name="ResultPrinterClassName" value="org.cfcunit.textui.ResultPrinter" />
			</parameters>
		</listener>
		
	</listeners>


	
	<!-- =============================================================== -->
	<!-- EVENT-FILTERS -->
	<event-filters>
		<event-filter name="requiredFields"			type="cfcunit.machii.filters.RequiredFieldsFilter"/>
		<event-filter name="multiEventToRequest"	type="cfcunit.app.machii.filters.MultiEventToRequestFilter"/>
		<event-filter name="testRunnerSelector"		type="cfcunit.app.machii.filters.TestRunnerSelector"/>
	</event-filters>



	<!-- =============================================================== -->
	<!-- EVENT-HANDLERS -->
	<event-handlers>
	
		<!-- View the cfcunit home page -->
		<event-handler event="homepage" access="public">
			<announce event="showTestSelectionWithoutResults" copyEventArgs="true"/>
		</event-handler>
		
		<!-- =========================================================== -->
	
		<!-- Run the test -->
		<event-handler event="runTest" access="public">
			<filter name="requiredFields">
				<parameter name="requiredFields" value="testClassName,runnerType"/>
				<parameter name="invalidEvent" value="runTest.MissingFields"/>
			</filter>
			
			<filter name="multiEventToRequest">
				<parameter name="eventKeyList" value="testClassName,runnerType,showDebug"/>
				<parameter name="requestKeyList" value="testClassName,runnerType,showDebug"/>
				<parameter name="delimiter" value=","/>
			</filter>
		
			<filter name="testRunnerSelector">
				<parameter name="UndefinedRunnerTypeEventName" value="runTest.UndefinedRunnerType"/>
				<parameter name="InvalidRunnerTypeEventName" value="runTest.InvalidRunnerType"/>
				
				<parameter name="runnerType.text" value="textui.runTest"/>
				<parameter name="runnerType.html" value="htmlui.runTest"/>
			</filter>
		</event-handler>	
	
		<!-- =========================================================== -->
		<!-- PRIVATE EVENTS -->
		<!-- =========================================================== -->
		
		<event-handler event="showTestSelectionWithoutResults" access="private">
			<view-page name="tests.testClassSelection" contentKey="request.views.classSelectionForm"/>
			<event-arg name="classSelectionForm" variable="request.views.classSelectionForm"/>
			<view-page name="tests.results" contentKey="request.viewData.pageContent"/>
			<announce event="renderPage"/>
		</event-handler>
		
		<event-handler event="showTestResults" access="private">
			<event-arg name="testClassName" variable="request.testClassName"/>
			<event-arg name="runnerType" variable="request.runnerType"/>
			<view-page name="tests.testClassSelection" contentKey="request.views.classSelectionForm"/>
			
			<event-arg name="classSelectionForm" variable="request.views.classSelectionForm"/>
			<event-arg name="testResults" variable="request.views.testResults"/>
			
			<view-page name="tests.results" contentKey="request.viewData.pageContent"/>
			<announce event="renderPage"/>
		</event-handler>
		
		<!-- =========================================================== -->

		<event-handler event="textui.runTest" access="private">
			<event-mapping event="TestDone" mapping="textui.showTestResults"/>
			<notify listener="TextListener" method="runTest" />
		</event-handler>

		<event-handler event="textui.showTestResults" access="private">
			<view-page name="tests.textui.results" contentKey="request.views.testResults"/>
			<announce event="showTestResults"/>
		</event-handler>

		<!-- =========================================================== -->
		
		<event-handler event="htmlui.runTest" access="private">
			<event-mapping event="TestDone" mapping="htmlui.showTestResults"/>
			<event-mapping event="TestDoneWithErrors" mapping="htmlui.showTestWithErrors"/>
			<event-mapping event="TestFailed" mapping="htmlui.showTestWithFailure"/>
			<event-mapping event="TestFailedWithException" mapping="htmlui.showTestFailureWithException"/>
						
			<notify listener="HTMLListener" method="runTest" />
		</event-handler>
		
		<event-handler event="htmlui.showTestResults" access="private">
			<view-page name="tests.htmlui.allTests" contentKey="request.views.allTests"/>
			<view-page name="tests.htmlui.allFailures" contentKey="request.views.allFailures"/>
			<view-page name="tests.htmlui.allErrors" contentKey="request.views.allErrors"/>
			
			<event-arg name="content.allTests" variable="request.views.allTests"/>
			<event-arg name="content.allFailures" variable="request.views.allFailures"/>
			<event-arg name="content.allErrors" variable="request.views.allErrors"/>
			
			<view-page name="tests.htmlui.results" contentKey="request.views.testResults"/>
			<announce event="showTestResults"/>
		</event-handler>
		
		<event-handler event="htmlui.showTestWithErrors" access="private">
			<view-page name="tests.htmlui.resultsWithErrors" contentKey="request.views.testResults"/>
			<announce event="showTestResults"/>
		</event-handler>
		
		<event-handler event="htmlui.showTestWithFailure" access="private">
			<view-page name="tests.htmlui.resultsWithFailure" contentKey="request.views.testResults"/>
			<announce event="showTestResults"/>
		</event-handler>

		<event-handler event="htmlui.showTestFailureWithException" access="private">
			<view-page name="tests.htmlui.resultsWithException" contentKey="request.views.testResults"/>
			<announce event="showTestResults"/>
		</event-handler>
	

		<!-- =========================================================== -->
		
		<event-handler event="runTest.missingFields" access="private">
			<view-page name="errors.missingEventFields" contentKey="request.viewData.pageContent"/>
			<announce event="renderPage"/>
		</event-handler>

		<event-handler event="runTest.UndefinedRunnerType" access="private">
			<view-page name="tests.errors.UndefinedRunnerType" contentKey="request.viewData.pageConent"/>
			<announce event="renderPage"/>
		</event-handler>

		<event-handler event="runTest.InvalidRunnerType" access="private">
			<view-page name="tests.errors.UndefinedRunnerType" contentKey="request.viewData.pageConent"/>
			<announce event="renderPage"/>
		</event-handler>

		<!-- =========================================================== -->
		
		<event-handler event="missingFields" access="private">
			<view-page name="errors.missingEventFields" contentKey="request.viewData.pageContent"/>
			<announce event="renderPage"/>
		</event-handler>
		
		<!-- =========================================================== -->
		
		<event-handler event="exception" access="private">
			<view-page name="errors.exception" contentKey="request.viewData.pageContent"/>
			<announce event="renderPage" />
		</event-handler>
		
		<!-- =========================================================== -->

		<event-handler event="renderPage" access="private">
			<event-arg name="viewData" variable="request.viewData"/>
			<view-page name="layout.page"/>
		</event-handler>
		
		<!-- =========================================================== -->

	</event-handlers>
	
	
	
	<!-- =============================================================== -->
	<!-- PAGE-VIEWS -->
	<page-views>
		<page-view name="tests.testClassSelection"			page="/machii/views/tests/classSelection.cfm"/>
		<page-view name="tests.results" 					page="/machii/views/tests/results.cfm"/>
		<page-view name="tests.textui.results" 				page="/machii/views/tests/textui/results.cfm"/>
		<page-view name="tests.htmlui.results"				page="/machii/views/tests/htmlui/results.cfm"/>
		<page-view name="tests.htmlui.allTests"				page="/machii/views/tests/htmlui/tests.cfm"/>
		<page-view name="tests.htmlui.allFailures"			page="/machii/views/tests/htmlui/failures.cfm"/>
		<page-view name="tests.htmlui.allErrors"			page="/machii/views/tests/htmlui/errors.cfm"/>
		<page-view name="tests.htmlui.resultsWithErrors"	page="/machii/views/tests/htmlui/resultsWithErrors.cfm"/>
		<page-view name="tests.htmlui.resultsWithFailure"	page="/machii/views/tests/htmlui/resultsWithFailure.cfm"/>
		<page-view name="tests.htmlui.resultsWithException"	page="/machii/views/tests/htmlui/resultsWithException.cfm"/>
		<page-view name="tests.errors.UndefinedRunnerType"	page="/machii/views/tests/errors.InvalidRunnerType.cfm"/>
		<page-view name="tests.errors.UndefinedRunnerType"	page="/machii/views/tests/errors.UndefinedRunnerType.cfm"/>
		<page-view name="errors.exception" 					page="/machii/views/errors/exception.cfm"/>
		<page-view name="errors.missingEventFields" 		page="/machii/views/errors/missingEventFields.cfm"/>
		<page-view name="layout.page" 						page="/machii/views/showpage.cfm"/>
	</page-views>
	
	
	
	<!-- =============================================================== -->
	<!-- PLUGINS -->
	<plugins>
	</plugins>

</mach-ii>
